videoId,title,publishedAt
T7fGDw7U2Wg,The hidden costs of owning electric cars,2024-01-05T04:35:40Z
Iyp_X3mwE1w,A Complete Beginner&#39;s Guide to Electric Vehicles,2022-09-09T16:34:24Z
EK1Y9MRp1yw,Regretting Electric Vehicles: Why Most Prefer Gas Guzzlers,2024-08-07T14:15:01Z
nE_-wilGupQ,"China&#39;s leading electric vehicle maker selling cars for $10,000",2024-05-07T01:30:18Z
VhUpWqmYxi4,The $900 Car You Can Order Online,2022-12-29T22:13:15Z
XxrHGerqvac,The GMC Hummer EV is officially the craziest thing I’ve ever filmed. 😲,2022-11-13T14:58:25Z
-GzASopTqRg,"If secret agents had an EV, it would be this Aptera! 😎",2023-10-26T17:39:06Z
-HjCRv_nvXs,Electric Vehicle Myth Busting,2024-08-16T16:52:46Z
0z7psa4SF9I,2025 Kia EV9 vs 2025 Ford Explorer Electric | EV SUV Showdown,2025-04-20T12:23:08Z
HV-fQw2q92Q,Gas vs Hybrid vs Plug-in vs Electric - What&#39;s The Difference?,2024-10-11T14:00:20Z
BIvVBWykZ5s,BYD Seal | The Ultimate Electric Car ?,2023-10-17T19:18:26Z
ii1je2_q7VA,The BYD Yangwang U9 is a wild EV with a crazy secrets 🚗⚡🇨🇳,2024-08-27T02:52:58Z
xNZR4wB-T80,Electric Cars For DUMMIES: Absolutely EVerything Explained,2024-09-07T13:00:58Z
i1Osr2wQp_E,This electric Amazon van is from the FUTURE. 👀,2022-09-15T23:29:31Z
TynsA3kLDGA,Electric car repairs ARE EXPENSIVE!,2023-05-12T12:44:08Z
1xXyW_dX4Ow,The VW ID BUZZ is the ultimate electric family hauler! 🔥,2024-08-07T18:30:02Z
uhEZD1KLM2w,Worlds cheapest electric car - it’s actually amazing,2022-10-11T15:07:38Z
4Vaurco0vC0,My electric car sound better than your v12 #shorts #cars #kia 😈🔥,2022-06-15T02:42:41Z
CtQzbHhgo1c,WARNING China&#39;s Electric Vehicles Are Going To Bankrupt Detroit,2025-04-04T22:11:25Z
ovfCR0DhR1c,Is THIS Honda&#39;s Future EV SUV?,2025-01-08T02:19:41Z
h5ysddrlXLw,Hybrid Electric Vehicle Technology and Types of Electric Vehicles Explained,2022-05-20T09:00:05Z
wWYR-AByGLs,Charging an EV has never felt so good 😍,2024-06-20T18:04:00Z
8RpM6tA-j3w,Are Electric Cars Really the New Muscle?,2025-04-04T21:00:08Z
ZBVyo8ITWd8,Tesla vs. KIA EV9 ⚡️,2025-01-28T14:01:14Z
N1dveN6OeFA,I said it! Hydrogen cars make no sense. 🥴,2023-04-14T19:26:06Z
0KKwZzdu3CU,India’s most powerful electric three wheeler cargo with 688kg load capacity - Euler Motors HiLoad EV,2022-06-07T12:25:07Z
06Q-BbvA48Q,The Cheapest EVs You Can Buy Today | Most Affordable Electric Cars &amp; SUVs for 2024,2024-02-08T17:00:01Z
59rZ5BmfA5c,The embodiment of luxury in the Chinese electric car Hongqi E-HS9 🤩,2023-03-29T13:45:00Z
G67i_Z8ukD4,Are Electric Cars REALLY Better for the Environment?,2020-04-20T16:03:46Z
I-uP-gJL1ck,All new 2024 KIA EV 5 Electric #startup,2024-11-14T13:00:27Z
ccDq9D_zBL8,Here’s a step by step guide to charging an EV! #electriccar #ev,2023-05-11T07:24:18Z
npg0AP4r5_E,Why EV Leases Are So Cheap Right Now In The U.S.,2024-07-13T16:00:39Z
aQOtlXuctWM,This electric car from china is better than tesla,2025-02-06T21:00:03Z
jxy_npgCEVA,3-wheel mini electric car from China 2021! 2 doors 3 seats electric tricycle Factory,2021-08-24T15:17:18Z
UBN8Cev53T4,This Company Converts Your Gas Car to an EV 🫣 #empirecovers #cars,2023-11-02T12:00:32Z
ZU9bxALCyMk,You Won&#39;t Believe How Long Electric Car Batteries Really Last,2025-03-09T22:15:01Z
Ltdii4a2rXw,RARE CARVER ONE EV SPOTTED IN MUMBAI #SHORTS#INDIA#MUMBAI#CARVERONE#SUPERCARS#CARS#EV#RARE#RARECARS,2022-10-17T02:51:04Z
ocNfkVA28mg,10 MAJOR PROBLEMS With Electric Cars You Must Know Before Buying One,2023-10-01T12:00:39Z
RX-Wdl80Ank,World&#39;s First Electric Hummer ⚡️,2021-12-06T13:00:25Z
Aa647ghOjGw,Electric Car Batteries Everything You Need To Know,2022-07-09T22:15:00Z
ifiG7135Ll0,Does This FIX Electric Cars?,2024-03-06T15:22:01Z
E1urg5zTnuM,Which car has the best hands free tailgate? Tesla vs Merc 🏁 #tesla #mercedes #heysiri,2024-09-29T10:40:38Z
cn7Qqt-MYzA,Toyota&#39;s First Electric Car | Toyota BZ4X  #startup,2024-10-22T12:43:30Z
C01ZosEa71M,India’s First Solar Electric car at ₹3.25 lakh  #eva #evaelectric #allaboutevs,2025-01-23T15:47:06Z
JNDs0bRcRH0,BEST ELECTRIC CARS 2024,2024-11-05T09:50:02Z
T3nfyO_UHjk,Inside the BYD Dolphin 🐬,2024-03-07T07:52:42Z
iJ5Fzx8_QBo,Why the US Is Terrified of Chinese Electric Cars,2024-09-21T12:45:07Z
DF_5JTx7Rv8,BYD vs Tesla 🤔,2024-03-19T06:39:32Z
qxmhFRx2fOw,"Types of electric vehicles with examples| BEV, PHEV, HEV, FCEV",2021-09-27T06:00:09Z
lO4rVikAslM,BEST electric cars 2025 (and the ones to avoid) | What Car?,2025-02-09T08:00:39Z
iJ5Fzx8_QBo,Why the US Is Terrified of Chinese Electric Cars,2024-09-21T12:45:07Z
9xIE9seg6Os,China&#39;s Electric Car Industry is Insane,2024-09-28T20:00:03Z
pn2W5hQHNZ4,"Introducing the Chang Li Electric Car: Affordable, Eco-Friendly Transportation for the Future",2023-04-29T22:32:21Z
BgKLIZAIjPk,The world’s best selling electric car 🔥🤩,2023-02-13T13:45:00Z
C2AF73wW0IM,PEV ELECTRIC 3 WHEEL SCOOTER #electricscooter #threewheelscooter #3wheelscooter,2024-05-02T07:49:43Z
vcn7tvESreI,The real reason why electric cars are so fast | Know It All with Jason Cammisa | Ep. 01,2021-01-14T17:00:33Z
AZqNKED3YDQ,BYD&#39;s new Electric cars are Coming to Canada in 2025,2024-08-02T05:28:33Z
fOox9nygJ9Q,Why Are Teslas The Best Electric Car in Cold Weather? 🥶😤,2023-02-02T01:00:15Z
qMzYHpi1GPM,No One is Telling the Truth About EVs,2024-07-29T15:00:50Z
kw80T6Dl2Yg,All New Mazda EZ-6 EV 2025  #automobile #electric #luxury #electriccarchina #chineseelectriccar,2024-09-30T02:06:32Z
yX7kZNFIpPE,This fully electric plane is the future of transport 🔥🔥,2022-06-24T17:00:43Z
ODaKEI_0Wl0,Chinese INCREDIBLE Electric CARS Are Taking Over The WORLD Tesla Killers,2024-08-18T13:00:23Z
6eLYt-10Zyc,Should You Buy An Electric Car #shorts,2023-12-26T16:03:20Z
HZM5cd88OTM,Mahindra 2 door Electric Car #mahindra #evcar #electric #car #mahindraelectric2 #microcar #micro,2022-06-29T07:59:34Z
2uPRvM-v-jk,How To Convert A Gas-Powered Car To An Electric Vehicle,2023-06-10T16:00:04Z
86ybpjn6ncs,BEST ELECTRIC CARS 2023,2023-06-22T22:04:25Z
rmals3Aj7RQ,"Microlino electric car with 2 seats, range of up to 230 km, 12.5 kW power and top speed of 90km/h.",2024-02-25T18:26:06Z
xQlB80616BU,What is the Subaru Trailseeker EV?,2025-04-17T17:47:00Z
Dd5cchD51Zs,Mahindra XEV 9e Live Crash test 🔥,2024-11-27T05:04:06Z
enbFZKyfPYE,4 adults inside MG Comet EV 🤨🧐,2023-08-09T13:28:38Z
Cq1sQmFJBF0,The Electric VW bus is LOADED,2024-07-31T21:19:01Z
GY8JQOA_kzk,BYD - Problem &amp; Solution #byd,2024-05-08T14:30:04Z
Uhr3ZA8hw8E,"BYD to Bring $10,000 EV to Europe by 2025",2024-05-29T22:30:05Z
ShkhKfrREWE,New 2024 BYD HAN EV #2024 #luxury #2023 #car #suv #subscribe #ev #byd #shorts #han,2024-05-02T22:24:01Z
9fqXKu3XZ9A,Tesla VS Chinese EV,2024-05-06T21:04:31Z
-iKO3NfRDjE,How Steer-By-Wire Works - Tesla Cybertruck&#39;s Unique Steering!,2024-05-10T14:00:00Z
FVTGYKpP_nc,BEST Electric Cars You Can Buy For 2025,2024-11-06T13:00:14Z
eBO6nrBVJL4,Tesla vs BYD in 2025. BYD Become Largest EV Maker #tesla #byd #automobile,2025-02-12T12:30:43Z
yDAJQLIotMU,How does the Tata Curvv EV &#39;SOUND &#39;? #tatacurvvev #curvv #tatacurvv #tata #ev #shorts,2024-08-10T05:36:52Z
JZz2pS1yS_c,The Insane Truth About BYD&#39;s Best Electric Vehicle: What You Didn&#39;t Know!,2023-05-05T03:03:21Z
68TAp5FmLP0,7 Seater or 6 Seater for You 🤔? Kia EV9 #shorts,2023-11-08T16:00:03Z
oCXwR9QB1MA,Hyderabad’s new Hummer EV 🦀 #supercarsclubindia #hummerev,2024-10-16T04:57:15Z
Pt3hkv0ELvw,Americans Refuse to Buy EV’s… Why?,2024-03-12T13:39:00Z
iNFG6TA20cI,5 reasons why you should not buy Windsor EV,2024-09-24T11:05:41Z
S0mVqRYE7TI,2024 BYD Atto 3 #byd #atto3 #ev #2024 #luxury #car #2023 #suv #shorts #subscribe #sports,2024-03-04T06:10:26Z
lv2LGmrsDtY,Picked up our Epic Golf cart by ICON Electric Vehicles!,2023-02-02T22:37:53Z
XJ-F8FgHEI4,"Toyota Released New $13,000 EV &amp; Obliterated Tesla Model Y",2025-03-14T16:00:42Z
kDiDITdv88A,2025 World First Self- Powered Ev On Sale Now! SHOCKED Automotive Industries &amp; Sceptism,2025-02-12T19:44:41Z
xaoK8YmG9U0,How much it costs to CHARGE an Electric Car!,2022-06-29T14:00:36Z
bbSPcbqNNgY,The future of electric vehicles is here | 7NEWS,2024-11-09T08:44:03Z
zpqrxKqbfsU,SUPER XL1100 AMMAYI EV AUTO TIRUVANNAMALAI ELECTRIC AUTO AND BIKE #tranding video,2024-08-28T10:02:51Z
oXV6a3csIMs,Top 5 Best Electric Cars In 2024,2024-06-28T17:06:04Z
A2Z2ytse-5o,Is an electric vehicle financially worth it? ⚡️🚘 #EV,2024-03-13T01:58:00Z
t2G6T_DKjU0,Why Are EV Prices Falling? 📉,2025-01-15T21:15:03Z
P2LkB1YMXOI,Mahindra Xev 9e Ev top speed 😳#mahindracars #automobile #luxury,2024-11-29T05:57:22Z
9bH34TVVVGM,Meet Rivian | Electric vehicles built for adventure,2024-10-03T19:27:03Z
4gwRn6UOxuU,BYD Unveils New Battery System That Can Charge Cars in Five Minutes,2025-03-18T14:20:04Z
UVjDPynEvY4,THE SCOUT TRUCK IS BACK - (and *more* than just Electric),2024-10-25T16:38:01Z
hh-bmlLNjiA,Mahindra BE6 EV,2025-01-24T10:28:29Z
I5AQGNWXMhA,2024 Electric Dodge Charger SRT EV #customcars #carlover #electricvehicle,2022-08-18T22:47:43Z
gXmm_xaeLxU,India Most Viral Hummer EV🔥 #hummer #dhoni #luxury4x4 #automobile #suv #shorts,2024-10-15T08:10:43Z
PE3TlvPmNdM,UK road tax rates from April 2025 and how it affects electric vehicles (and ICE buyers too),2024-12-26T07:30:08Z
DbO9uwgehfA,"A Luxury EV for $35,000?? Meet the 2025 Volvo EX30!",2023-07-28T13:32:17Z
5yY8kmLugvk,Electric VS Gas Car | How Electric Cars Work,2019-07-03T15:00:02Z
HHfPwnA2cOM,Mahindra&#39;s Electric Beast Are Here ... In Goa Ft Be 6 And XEV 9E #mahindrabe6review #be6 #xev9e,2025-02-13T12:02:50Z
rT39uNe-bfI,Toyota EV Achieves 932-Mile Range in Only 10 Minutes of Charging,2023-06-18T18:10:27Z
yGIDpXH1zZk,"We Own Nine Different Electric Cars, Trucks and SUVs: These Are the Ones We’d Buy Again",2024-06-20T13:01:02Z
qgZHeFNBMhM,5 Quirky Features of the BYD Seal #byd #bydseal #bydindia,2024-04-23T11:41:07Z
ewcWN-rHQ6Q,Electric cars vs Petrol cars,2017-07-31T15:33:26Z
tD3eiYJlN_I,Electric vehicles vs. gas cars; comparing reliability,2025-04-17T16:01:24Z
dqyiN7bt6zI,"Robin test drive event at Brigade Metropolis, Bengaluru #microcars #TheUltimateCityRide",2024-07-01T13:26:28Z
M-EkMK4awX4,EV Owners Are Giving Up After One Repair—Here&#39;s Why! Electric,2024-07-11T17:14:20Z
eBW1twZqLVo,"We&#39;ve Owned an EV for 3 Years, Was it Worth it?",2024-08-12T20:56:31Z
RKBHI6a6RsY,"EV, Plug-In, or Hybrid: Which Should You Buy in 2025?!",2024-05-17T21:13:06Z
DK1w6b96afI,Best EV in America is...,2024-09-02T18:50:01Z
Vy_o5jxcjjY,Are second-hand electric cars worth the value despite prices falling fast? | 9 News Australia,2024-04-11T09:30:51Z
VZi7JpaIejc,MG Windsor EV Driven!,2024-09-16T12:55:03Z
jPkyjd_BzQg,"BE 6 &amp; XEV 9e | Unparalleled technology &amp; Unmissable design | Unveiling at Unlimit India, 26th Nov",2024-11-08T14:12:37Z
xS7Ca6A-yBg,5 Rules Every EV Owner Needs to Know,2024-02-20T16:00:43Z
Pl74S9zN3hU,It&#39;s one of the most technologically advanced cars ever...😱🤖 #skoda #supercars #technology,2024-10-20T13:00:33Z
JmiioiNa6KU,Tesla Just Lost The Electric Vehicle Race... What Happened?,2025-02-23T18:00:21Z
qU-ecyHEwqc,"These Are the Best Future Electric Cars, Trucks &amp; SUVs Worth Waiting For",2025-01-31T14:01:02Z
NOq5lLSs2dU,REVEALED: Why They&#39;re &quot;FORCING&quot; Electric Cars On Us,2025-01-14T14:33:04Z
RtWw7jBK_n4,Elon Musk: &quot;This New Engine Will DESTROY The Entire EV Industry!&quot;,2024-12-25T19:48:02Z
wUCNBEboXFM,Tesla vs BYD: Who will win?,2024-12-08T11:02:25Z
xSmgBybqPM4,This New Electric Car Has No Battery and Just Killed Tesla’s Future,2023-12-02T01:37:30Z
uUv0QsDJr3o,"The Media is Lying to You About Electric Cars, Here’s the Truth",2024-06-25T19:39:45Z
bQSNMHOXO8U,New EV Owners Are Regretting Their Purchase! Here’s Why! Electric Vehicles &amp; Downsides of Having One,2024-07-18T15:25:19Z
WVaTOLhT-Oo,Tata avinya | new electric cars in 2025 | tata new car,2025-01-20T07:36:35Z
I80X_tHu-cs,Tata Harrier EV - Best Electric SUV in Indian Market at #autoexpo2023,2023-01-16T20:53:20Z
l0jU1frvxB8,2 doors 4 seats mini electric car manufacturer from China 2021!mini ev car factory in China,2021-08-26T15:38:45Z
HFmezRNd7Ds,Cybertruck that transforms?! #shorts #tesla #cybertruck,2024-02-12T04:53:53Z
TFgFMxv3pE4,How long does it take to charge an electric vehicle? ⚡️,2022-08-18T11:54:23Z
BV3FBDki86c,Tata Curvv EV: Safety Test | Tata Curvv EV Coupé SUV | Tata Curvv EV Boot | Tata Cars Safety,2024-08-21T11:45:03Z
L10AJZWv6Y4,Introducing the first-ever Canadian-made electric vehicle,2023-02-13T13:47:32Z
9DLwtGw5yZY,"How BYD, Nio And Other Chinese EVs Compare To Tesla",2024-08-13T16:00:07Z
RcFziC4VqKY,Hyderabad&#39;s latest Hummer EV #gmc #hummer #hummerev #american #india #hyderabad,2024-10-15T05:30:08Z
BdZL0ba-WMc,2024 Tata Curvv EV 😍🔥,2024-08-12T14:41:16Z
CtuCjTWOd_s,Tata Punch EV Drive Mode Selector #tatapunchev | MotorBeam,2024-01-21T15:30:04Z
UXB9bnuyZb4,The Most Tech I&#39;ve Ever Seen in a Car!,2023-05-19T17:59:11Z
NIShnt_XiD4,BYD U8 2025: The New Chinese Electric Car of the Future! #bydu8 #chinacars,2025-01-18T15:29:36Z
3Gt4N1_6kKA,Electric Vehicles to Look Forward To in 2025-2026,2025-01-31T19:00:37Z
pgChYGpzhts,Top 5 Affordable Electric Cars in India 2024👌 | Budget Electric Cars | Electric Vehicles India,2024-01-28T05:30:12Z
eKECRdiNtp4,Is this the best EV for families?! 2025 Rivian R1S #shortsfeed,2024-09-18T13:05:29Z
yR3oMXpGGI4,Check out the BYD Atto 3 this EV Weekend 2022 #EVWeekend2002 #ElectricVehicles #CarBuyerSingapore,2022-11-08T06:03:22Z
HajiRhgfje4,BYD yangwang U8 can make a tank turn!!#shorts #byd #yangwang,2023-10-10T10:31:04Z
cMjsr8QLHx4,EV Haters Were RIGHT: The Shocking Truth Behind the Backlash! Electric Vehicles Are Failing!,2024-11-30T13:29:32Z
b-571xeCuAU,America&#39;s Q1 Electric Car Shock: Winners &amp; Losers Revealed!,2025-04-17T06:29:11Z
AR1f3rQykOY,Electric Cars In South Africa 2024 | Cost of Ownership | Affordability | Sustainability,2024-04-19T07:00:07Z
4EIk03hbTBE,Australia’s new scheme to make EVs more affordable | 7NEWS,2024-12-19T07:42:01Z
O9SGkC5UDE4,Best Electric Cars 2024 (and the ones to avoid) – Top 10 | What Car?,2024-03-08T08:00:26Z
OPj3Xh4bvNM,Eyewitness News reporter test drives all-electric car at NY International Auto Show,2025-04-18T16:09:18Z
TPpZCFSyr2o,Hyundai unveils Ioniq 9 electric vehicle as company encroaches on Tesla&#39;s market share,2024-11-21T15:00:50Z
AR1f3rQykOY,Electric Cars In South Africa 2024 | Cost of Ownership | Affordability | Sustainability,2024-04-19T07:00:07Z
3Mf2T9c2jXM,How To Drive An Electric Car: EVs Explained – DrivingElectric,2022-07-11T16:00:04Z
K3C5cT2D9XI,Simplified: Electric Vehicle Chargers | PowerDrift,2023-05-17T10:30:06Z
pLcqJ2DclEg,The Electric Vehicle Charging Problem,2021-02-09T19:53:44Z
RtWw7jBK_n4,Elon Musk: &quot;This New Engine Will DESTROY The Entire EV Industry!&quot;,2024-12-25T19:48:02Z
uZ0i00tGu3Q,FAKE engine sounds in an electric car 🚘🔊,2023-01-03T06:21:43Z
7XhDTPijEvc,Get Sharp About Electric Car Tires or Throw Your Money Away,2022-12-24T13:00:03Z
i0IMtR4DHAU,The 4 best electric cars I personally recommend in America in 2024,2024-08-22T06:00:26Z
wW95gSLJkCY,EV trends: Why experts think the future is still electric,2024-09-15T16:01:02Z
__OSIoKVkVo,This CHEAP Electric Car is Actually Good!,2023-03-16T12:00:23Z
C8aI4en7Nmk,How To Drive An Electric Car Efficiently!,2023-12-29T16:31:20Z
EX9Jkvs5Ys4,How to Make Mini Electric Car Vehicle for Sale #shorts Energy Tricks,2025-02-02T07:12:38Z
21NM3Hnwvys,Hybrid vs. Plug-in Hybrid: What’s the Difference &amp; Which One Is Right For You?,2024-06-07T13:00:02Z
AIxqPozYC38,TOP 3 Affordable USED Electric Vehicles in 2025!,2024-10-02T22:54:58Z
muacEpFFNAQ,Why Electric Vehicles are Better Than Gas Cars #shorts,2022-10-21T19:00:35Z
Bc7p6PoH6ZA,The Best EV Cars To Buy Right NOW | Doug Demuro,2025-01-08T21:30:01Z
-LcbFDCb9VU,24 Simple Tips For New EV Owners (everything you wish you knew BEFORE buying an electric car),2022-06-09T12:00:00Z
eGS34ENu4S4,Why Used EV Values Are Dropping Like Crazy!,2024-05-16T10:05:13Z
fJoQTIvGVEU,Wireless Charging for Electric Vehicles,2016-11-16T15:26:52Z
TlPzmLtc-Rw,How Much Does It Really Cost to Charge an Electric Vehicle? (AZ example),2023-05-06T15:43:36Z
dhNyltiCShg,Top 7 Long Range Electric Cars in India 2024 | Electric Vehicles India,2024-04-08T05:53:54Z
w1zKfIQUQ-s,How To Ruin Your Electric Car&#39;s Battery - LFP Edition!,2024-08-23T14:00:57Z
0qztJdk8Cqk,Putting electric cars to the test. Are we ready for 2035? (Marketplace),2024-01-27T01:00:00Z
7f9vC9-kmo8,2023 TOP5 kids electric car ride on toy Maserati electric roadster,2023-03-13T01:57:16Z
E3ySMMQwLfc,Price of this small electric car in Nairobi!,2024-09-23T08:30:09Z
psRsXp-Gekg,There&#39;s A NEW Electric Car Brand That Deserves Your Attention...,2024-03-05T17:00:39Z
ybl8IvhGAJ4,How Chinese EV Giant BYD Is Taking On Tesla,2024-03-25T16:00:50Z
GcQmLGR4hW0,SERVICING AN ELECTRIC CAR: everything you need to know,2022-12-02T00:53:37Z
FIxT6rK02lk,"TOYOTA CEO: THIS NEW ENGINE WILL END ELECTRIC CARS,&quot; SAYS TOYOTA CEO ABOUT HIS CREATION",2024-08-03T00:16:56Z
4lRA-x4aCng,"Top 10 Best Used Electric Cars Under $30,000",2024-12-22T14:14:29Z
qju6kPrdwMM,EV Owners Hit with New TAX in April 2025 | Here’s Why!,2025-02-28T16:01:02Z
N6IfJzc1Ujg,Top 10 Used Electric Car Buys For 2025!,2024-12-27T16:34:29Z
UMYtOinyg6A,How to charge an electric car - DrivingElectric,2018-10-19T14:30:58Z
dT1ZQFS05Tc,EV Range: Everything You Need to Know About Drive Distance on Electric Vehicles,2022-03-02T15:00:19Z
w7Bt37L4q0E,I Bought a High-Performance EV. The Deals Are Incredible. #automobile #electricvehicles,2025-03-04T15:30:07Z
mcMNXNhhBuE,How Chinese EVs Are Taking Over Mexico,2024-08-17T16:00:43Z
C5nZbHTp-kc,Electric Cars WORST Problem&#39;s!,2023-03-01T13:00:08Z
c6n_de5Q2vU,88 Electric Vehicles YOU DIDN&#39;T KNOW ABOUT,2024-03-23T12:45:02Z
q4CPBHj0UQk,The Garage Converting Classic Cars to Electric Vehicles | Freethink DIY Science,2018-08-17T18:45:01Z
ov9K-bNMvMs,The Xiaomi Electric Sports Car! 🚙,2024-02-28T12:15:06Z
OY-aq4l5QDM,EV plans dumped ... because people don&#39;t want electric cars! | Auto Expert John Cadogan,2025-02-21T05:06:34Z
Uw1Y2K-RGpQ,Is the New GMC Sierra EV REALLY the &#39;Best Truck Ever&#39;? I Put It to the Test!,2024-08-20T15:00:24Z
KJs3ntc8DBQ,Hybrid vs Electric Car: Which Is REALLY Cheaper?,2023-03-15T14:00:11Z
N_fgHJyxSt0,Toronto wants more electric vehicles on the road — what’s the holdup?,2024-12-23T20:00:11Z
r1BBNJDnkTQ,The Truth about EV Battery Life and Charging Best Practice ! | 4K,2023-08-14T17:00:36Z
q5GGCVIEYts,Why China Is Beating The U.S. In Electric Vehicles,2021-03-23T16:00:13Z
UYfK-dLd7DI,All New 2024 Changan Huawei Avatr 12 EV #shorts,2023-11-22T04:00:22Z
C5nZbHTp-kc,Electric Cars WORST Problem&#39;s!,2023-03-01T13:00:08Z
c6n_de5Q2vU,88 Electric Vehicles YOU DIDN&#39;T KNOW ABOUT,2024-03-23T12:45:02Z
OEkIh2PcSYE,The Unpopular Truth About Electric Vehicles | Mark P. Mills,2024-11-29T13:00:23Z
VBVc1qQz2LY,2025 KIA EV5 Land 720km,2024-11-11T17:03:55Z
ov9K-bNMvMs,The Xiaomi Electric Sports Car! 🚙,2024-02-28T12:15:06Z
OY-aq4l5QDM,EV plans dumped ... because people don&#39;t want electric cars! | Auto Expert John Cadogan,2025-02-21T05:06:34Z
ocOyH1lWU5Q,What&#39;s The Real Range Your EV Will Give You | Electric Vehicle FAQ #3,2023-03-04T14:07:50Z
G8x-1cQIIzA,5 Best Luxury BYD Electric Cars You Must Own this Year! Are you ready?!,2025-04-19T17:45:23Z
UYfK-dLd7DI,All New 2024 Changan Huawei Avatr 12 EV #shorts,2023-11-22T04:00:22Z
bEH5gDiESRg,New Tesla Model Y v BYD Sealion: Ultimate review!,2025-04-17T10:04:03Z
GmLDFPSOwtw,Nitin Gadkari Unveils TATA Harrier EV #shorts #nitingadkari #autoexpo2023 #tataharrierev,2023-01-12T11:24:19Z
V37Hkeyvqbs,Car brands are going electric... #cars #edit #video #viral #fyp #electric #cars #shorts @Vulk-,2025-04-19T21:28:36Z
hkGQmUXqnSc,Charging an Electric Car with My Bike!,2023-05-07T11:45:02Z
JuOmnU4hQ-o,Metro Detroit brothers start electric car charging station business,2022-09-27T04:56:39Z
rbvM1AlDuUc,Electric Cars Price List Philippines - Electric Vehicles (EV) | Downpayment | (Hybrid not included),2021-03-22T01:26:19Z
nWzVqsVLRlc,I Spent 10 Days In China Testing Electric Cars! Here&#39;s What Happened,2025-01-28T15:01:06Z
JNIs72RuqPc,🤫 MG Comet EV airy interior secret ​⁠​⁠@MGMotorIndia #mgcometev #electriccar #electric,2025-04-17T05:38:54Z
KJs3ntc8DBQ,Hybrid vs Electric Car: Which Is REALLY Cheaper?,2023-03-15T14:00:11Z
N_fgHJyxSt0,Toronto wants more electric vehicles on the road — what’s the holdup?,2024-12-23T20:00:11Z
p-hey3401V8,Skoda Elroq: The Affordable Electric Car VW SHOULD Have Made?,2024-10-24T16:00:56Z
r1BBNJDnkTQ,The Truth about EV Battery Life and Charging Best Practice ! | 4K,2023-08-14T17:00:36Z
4Iuk1G1XHE0,Best EVs of 2024: Canada&#39;s top all-electric cars across 7 categories | Driving.ca,2024-05-11T10:02:52Z
lzzQNeBPGUE,Ford breaks all time electric car sales RECORD in North America,2024-12-07T21:30:04Z
cnxaxdqrhHE,2024 Kia EV3 review – best electric SUV? | What Car?,2024-11-11T08:00:25Z
m5DwqHlnXM4,The Best Electric Vehicles You Can Buy In 2024 | Drive.com.au,2024-03-20T01:20:18Z
DJBVmjb_t6c,Mitigating Winter Range Loss In An Electric Car,2024-12-06T16:45:44Z
fy_PdriDbyM,What it takes to run an electric vehicle repair shop,2022-03-18T14:36:27Z
WF3OdJgYmHo,Top 5 Electric Cars in India | Best EV in 2024 ⚡⚡,2024-08-13T07:53:25Z
CMjbA947vlM,Tesla electric Car 🤯💥🎉#car #tesla #challenge,2025-04-21T02:00:09Z
nVAbLT9GvgI,All New Tata Curvv EV 😍🔥,2025-04-16T13:06:05Z
MwJQOWu7NME,The New Tesla Model 3 is 🔥,2024-05-01T15:00:22Z
CdbE5RiIaSM,First Car That Drives Upside Down! McMurtry Speirling PURE VP1 (EV Hypercar),2025-04-14T23:11:58Z
8DhjGaYkSvA,Electric car sales skyrocket by 58% in the UK,2024-12-12T10:57:42Z
F3JPuUfjBrk,The Future of Electric Vehicles in 2025 | best electric vehicles 2025,2025-04-16T16:49:33Z
mmWRgWDg9hc,TOP 5 Upcoming ELECTRIC CARS 2025 | Mid Range Electric Cars | Electric Vehicles India,2025-03-12T06:00:21Z
SzZYRFZUbn0,ELECTRIC vs PETROL CAR – which is REALLY cheaper?? | What Car?,2022-11-02T12:00:29Z
9TX-M0jE2QQ,Electric Vehicles - The Kids&#39; Picture Show,2024-02-27T12:26:19Z
q1LHh6FkpuI,This Tiny Car Solves The BIGGEST Problem With Electric Vehicles,2023-11-17T15:00:49Z
KHL0OA41cp0,Why the U.S. Is Terrified of Chinese Electric Cars,2025-04-17T19:00:30Z
wekKg2PGMCw,GM CEO: &quot;This New Engine Will CHANGE The World!&quot;,2024-03-22T17:41:50Z
fin_E_b7C7w,The 4 BEST electric cars I recommend in Australia in 2024,2024-08-21T21:30:05Z
qHPFNHWS3bA,How to charge an electric car at home - Which?,2021-11-23T16:38:20Z
Chp9VlSs25c,How green are electric cars? | It&#39;s Complicated,2022-02-24T08:40:46Z
Mjrq2smvZiM,What&#39;s Behind Biden&#39;s Sudden Push For Electric Cars?,2025-01-05T23:15:00Z
y0ai-606_Sc,NEW BYD Sealion 7 review – does China make the best electric SUV? | What Car?,2024-11-14T12:04:10Z
8X2x1LM43IE,The 20+ Best Used Electric Cars To Buy Right Now,2024-08-13T16:00:07Z
_gr1K0XO_04,Minibus electric vehicle production base #Electric tricycle #Scenic spotTransport vehicle export,2025-04-21T01:59:38Z
JPOHT6eaLVw,NEW Hyundai Inster review – BEST small EV? | What Car?,2024-11-08T10:00:19Z
fLflYkgnNBY,Honest Government Ad | Electric Vehicles,2021-04-24T04:05:53Z
oIBd-M6UfbI,The Best Electric Cars Arriving In 2025!!,2025-01-14T17:00:56Z
zoRbWn5KckM,The Top 10 Electric SUVs of 2025: Best SUVs to Wait for in 2025: Final List,2024-07-05T00:20:52Z
-qwkddiJ2R4,We drove a SKYWORTH Electric Vehicle.The Dawn of ELECTRIC VEHICLES in KENYA.,2024-09-08T17:30:07Z
qIfjibyt6pY,How Do Electric Vehicles Work?| Working Principles of EV in 3 Hrs | Certified EV Crash Course,2022-12-20T16:00:21Z
Ab3za57zKU4,Here&#39;s why the Puma Gen-E is Ford&#39;s best electric car,2025-04-11T22:01:15Z
QEd3lRxYnoo,NAXEON I AM NEW E-bike with Insane Features #ebike #emoto #ev #electric,2024-09-08T02:59:12Z
tHnqSzFzUYg,The Ultimate Guide to Charging your Electric Car,2022-01-23T17:00:38Z
kjRMMMLKUwc,4 Hovering Cars 2024-28 | Magnetic Revolution,2023-11-26T21:50:07Z
3PuYVMs7V_w,Countries With Most Electric Vehicles Sales| Electric Cars| EV Sales,2024-01-03T15:09:18Z
sij1_MW2vvo,Renault 5: The Small Cheap Electric Car You Actually WANT,2024-10-21T08:00:41Z
LIFg8djDpq8,Burkina Faso Launches First 100% Indigenous Electric Car,2025-02-06T18:33:39Z
11nIlhjL0Cw,6 ELECTRIC CARS MORE RELIABLE THAN THEY ARE WORTH IT,2024-07-11T14:00:02Z
BJUDsBr1R_w,Ford Puma Electric: The One We&#39;ve Been Waiting For?!,2025-04-12T07:00:12Z
SNag4j0nmKU,"China’s EV shame: the deadly reality behind the ‘clean, green’ electric vehicles | FULL DOCUMENTARY",2025-04-07T14:08:06Z
0FGOW4tD2qw,The Rise of Electric Vehicles,2025-04-19T17:32:37Z
fRbT-V7q-ks,Solid-State Batteries: Electric Cars Are About to Change Forever,2024-10-22T14:34:17Z
rWDBSr4fQa8,China Newest Electric Cars are Taking Over the World,2025-01-12T16:00:49Z
KPyzhJ4c9vU,Brussels motor show: Electric vehicles take centre stage,2025-01-17T20:30:02Z
ChBehnCUGKU,Why Electric Cars AREN&#39;T FUN!,2024-09-25T10:04:00Z
Fl3yuelG7Cs,Canadians paying more for an electric vehicle,2025-01-25T01:23:37Z
D_tX9vbfqIk,1 Basic Optional Extra Can Add £3k+ To An Electric Car!,2025-03-14T16:30:06Z
nZysvgm2_Aw,I&#39;m back in a diesel after 4yrs running both EV &amp; PHEV. What needs to change to get me to go back?,2024-02-08T17:00:54Z
6H5vtu5_SF4,"Types of Motors used in EV | Single, Dual, Three &amp; Four Motor Configuration in EV",2022-03-10T13:15:08Z
Nesa28d8AOo,#electriccar #ev #electricvehicle #tesla #electric #cars #electriccars #car #teslamodel,2025-04-20T02:07:04Z
SO2O8UZ1E_8,Best (and worst!) Electric Cars RANKED | Tier List,2025-01-03T14:58:13Z
EH5vU1FwQdY,10 Incredible Chinese EVs | Best Chinese Electric Cars of 2024!,2024-07-27T00:00:09Z
qdHLYFIz-OI,Chinese Electric Cars are Taking Over the World at China&#39;s LARGEST Auto Show 2024,2024-10-12T21:31:12Z
MOreJAyfUUU,Why EV Tariffs Won&#39;t Stop Chinese Cars,2024-06-05T16:00:17Z
9my87_H_KCc,"The strongest draft king  M10 model, elderly electric vehicle and household four-wheel vehicle",2025-04-19T07:27:15Z
yi7BlJs2t5s,2025 BYD Seagull First Impressions | AutoDeal Walkaround,2024-09-27T04:22:38Z
9IlY23FmW_0,Why LEASING an Electric Vehicle is SMART 👍,2024-10-29T21:00:11Z
2Z2VrcsPGXI,I drove these NEW electric cars until they DIED!,2024-12-05T17:10:32Z
bPjc1ZhqVAA,Electric cars aren’t the future. #cars #exoticcars #luxurycars #shorts,2023-02-23T15:51:32Z
nCxJfho2Cls,Moretti Electric Vehicle - Olivo EV,2024-09-03T05:55:38Z
LISCI_TNmCE,India is Now Electric - #shorts,2022-06-28T01:00:05Z
xbE71nRbEag,Electric Cars Vs Hybrid Cars: Which is the Better Choice?#shorts #electricvehicle #tatamotors,2024-02-12T15:46:46Z
vmdox-V2u_I,Why the Government Wants You Driving an Electric Vehicle,2023-06-12T17:50:59Z
F8i6HAkKNw0,Why Don&#39;t Electric Cars Have Gears?,2024-07-19T14:00:13Z
TXHksc6h-lI,Affordable Electrified Cars in the Philippines | Philkotse Top List,2024-08-11T11:00:32Z
b9TMZsLjty4,Petrol vs EV - which is SAVING you money?! | Ankur Warikoo #shorts,2024-04-08T09:30:15Z
4wX2G7_fDdo,The UK GOVERNMENT sent me a LETTER saying they LIED about ELECTRIC CARS and EVs are NOT THE FUTURE!,2024-11-01T18:15:00Z
vz4qnwNKxt4,I drove these NEW electric cars until they DIED!,2024-06-13T10:12:23Z
ZVtOss1U7_s,VW Beetle converted to electric in a day,2021-01-04T11:04:30Z
taBWB2KdgHI,Hyundai Inster Review: Finally A Good AFFORDABLE Electric Car?,2024-11-01T13:33:57Z
rMgsh0xYA7w,The truth about the full transition to electric vehicles in Australia,2023-07-03T07:56:55Z
azDxacbPx50,Best EV: Ultimate Comparison of 24 Electric Cars | Chasing Cars,2024-12-24T22:00:07Z
3RgiBBjdTCg,TOP Expert Reveals Future Trends in Electric Vehicles,2025-03-25T08:02:44Z
Gf41BuK5aLo,"&quot;Low Cost, High Value: SUV Microlino EV 2025 Electric Car&quot;",2025-04-21T16:18:58Z
4j2UKfNMLfA,what the EVil DICTATORS in GOVERNMENT are NOT TELLING YOU about ELECTRIC CARS! SHAME on THEM!!,2024-12-01T18:15:00Z
UokhfaYm8AY,The great EV con | 7NEWS,2025-04-06T04:34:30Z
fvwOa7TCd1E,I drove these NEW electric cars until they DIED!,2023-03-28T10:06:22Z
rxEk8YdLmjg,BMW i4 review – can this electric car REALLY beat Tesla? | What Car?,2022-04-16T07:30:05Z
vz4qnwNKxt4,I drove these NEW electric cars until they DIED!,2024-06-13T10:12:23Z
b9TMZsLjty4,Petrol vs EV - which is SAVING you money?! | Ankur Warikoo #shorts,2024-04-08T09:30:15Z
ZVtOss1U7_s,VW Beetle converted to electric in a day,2021-01-04T11:04:30Z
A0F3ie3saek,Kia EV5 2025 review: Is this a game-changing new electric car that will trouble the Tesla Model Y?,2024-10-23T06:00:08Z
taBWB2KdgHI,Hyundai Inster Review: Finally A Good AFFORDABLE Electric Car?,2024-11-01T13:33:57Z
4j2UKfNMLfA,what the EVil DICTATORS in GOVERNMENT are NOT TELLING YOU about ELECTRIC CARS! SHAME on THEM!!,2024-12-01T18:15:00Z
MQ29luRGUgE,China’s Largest EV Factory – 1 Million Cars a Year!,2025-03-24T11:00:30Z
Gf41BuK5aLo,"&quot;Low Cost, High Value: SUV Microlino EV 2025 Electric Car&quot;",2025-04-21T16:18:58Z
azDxacbPx50,Best EV: Ultimate Comparison of 24 Electric Cars | Chasing Cars,2024-12-24T22:00:07Z
Ix3lNKUUYJY,Ghana Takes On TESLA with NEW ELECTRIC Cars,2025-02-21T13:15:02Z
KcM9UofYPSg,BYD CEO Announces New All solid state batteries with 10 Minutes Charging,2025-01-06T22:13:00Z
vMowPNqMPac,The Best EV You Can&#39;t Buy,2024-11-18T22:03:38Z
GCrCSLzqhAY,BYD CEO SAYS New Energy Vehicles Will Shakes the ENTIRE EV Industry,2025-04-12T04:19:49Z
Lxg21sy9S7Q,Shocking price 2025 Peugeot E-208 electric car revealed,2025-03-12T20:00:13Z
fvwOa7TCd1E,I drove these NEW electric cars until they DIED!,2023-03-28T10:06:22Z
RC_LFdpvv44,"VW’s £18,000 Electric Car Is Finally Here!! (Sort Of)",2025-03-11T17:00:26Z
DwUDR8WTTKQ,Why EV uptake in UK is stalling and the government must abandon its ZEV mandate,2024-08-11T16:00:11Z
1o8yGy9ab74,VW&#39;s most important electric car is DEAD in China - only 9 sold!,2025-02-21T20:30:00Z
-8zpsJCWMa0,Insane EV Barn Find! We Are Getting 12 Super Rare Electric Cars From The Late 90s &amp; Early 2000s,2025-03-13T14:16:55Z
-Mz6lgAaIe4,Burning electric car,2022-08-21T15:13:56Z
GjtVousDf9A,Multi Purpose SUV Electric Scooter | Latest Electric Scooters | Electric Vehicles India,2022-11-15T11:30:05Z
-sAUG5FZhnI,How is electric car demand?  Used EV Market Update November 2024,2024-11-11T17:53:01Z
g9ch8yHthP4,China Has Launched New Generation Transport SHOCKING The US,2024-12-30T22:00:24Z
zHRUmgwarxA,Transformed my Quadricycle into Electric!,2023-06-08T22:40:35Z
jB9VihVDwxg,The 10 BEST Electric Cars in 2024 - Buy one of these EV&#39;s,2025-01-01T21:45:01Z
9lGTicRziwU,World Car Awards Dominated ny Electric Vehicles,2025-04-22T12:37:55Z
Tnmuu9aXH3g,Goodbye Diesel: We drive this electric semi truck in New Zealand,2024-12-20T04:00:14Z
XNZ9BmMfz2A,What&#39;s The Real Range Your EV Must Have? | Electric Vehicle FAQ #2,2023-03-04T14:07:47Z
xbE71nRbEag,Electric Cars Vs Hybrid Cars: Which is the Better Choice?#shorts #electricvehicle #tatamotors,2024-02-12T15:46:46Z
wHWXx1KsvVY,BYD Yangwang U9: The Reasonably Priced Hypercar!,2024-07-11T10:00:57Z
_hhttgf6ee8,The Citroen E-C3 Makes Other Electric Cars Look Overpriced…,2024-06-06T11:30:17Z
W0cnbzd_fkU,How far can electric cars REALLY go?? We drive 12 in summer conditions until they DIE! | What Car?,2024-09-22T07:00:30Z
Uw1Y2K-RGpQ,Is the New GMC Sierra EV REALLY the &#39;Best Truck Ever&#39;? I Put It to the Test!,2024-08-20T15:00:24Z
owtxkJhMCJQ,Why Germany is so slow in moving to electric vehicles | Transforming Business,2025-02-22T11:30:35Z
WciIaE0yQeE,This is how I charge my EV when there are no charging stations⚡️ #chargearoundtheglobe #ford,2023-11-10T14:39:35Z
wNwGUDS8Z0A,GAME OVER! Porsche are SHUTTING DOWN my ELECTRIC CAR REMOTELY for EVer! I can&#39;t EVen SELL it NOW!,2024-09-09T17:15:04Z
trepC6pbs0M,Are Electric Vehicles a MISTAKE?,2024-12-15T18:00:40Z
ul-B-O6PzgA,US EV Sales keep growing - America&#39;s top 10 best selling electric cars,2024-12-21T23:15:01Z
KLAIErcvlbU,Inside Series Hybrid Electric Vehicles: The Engineering Behind Their Workings. #electicvehicles #hev,2023-10-12T03:16:35Z
RMaQtf2uUwI,Mahindra BE 6e review - Shock and awe | First Drive | Autocar India,2024-11-29T11:30:23Z
6LXQcgvJiKE,Gas vs Electric Car on a ROADTRIP (Which is cheaper and faster?),2023-01-18T21:00:02Z
VGUwsBIrHlQ,Mahindra XEV 9e review - Tech-loaded electric SUV that&#39;s great to drive | First Drive| Autocar India,2024-11-29T03:57:16Z
1W_qwOdioiM,Can the BYD SEAL Really Beat Other Electric Vehicles in 2025?,2025-04-14T16:00:05Z
UDWPPslk_gc,Mahindra *BE 6e* is AMAZING!,2024-11-29T08:12:10Z
UuraNOlh-Vk,Audi&#39;s SECRET Electric Motor Production Will Change Everything,2024-02-20T11:24:10Z
70k5uXcjUXg,First Electric Highway Is Crazy,2024-07-01T14:00:06Z
mxldWBW3C64,Worlds biggest Electric Car winter range test in 2025 - 24 EVs compared,2025-01-21T02:45:04Z
aLh8o6Ssuug,"Driving an electric car, living in the Highlands - does it work?",2024-12-22T16:00:02Z
UokhfaYm8AY,The great EV con | 7NEWS,2025-04-06T04:34:30Z
ew6YcXx7B14,The Future Of EVs: Top 20 Electric Vehicles For 2025,2024-12-21T10:00:43Z
wTIDQfGBUfk,The electric car you can drive for £199 | Leapmotor T03 Review,2025-02-19T00:01:00Z
UDWPPslk_gc,Mahindra *BE 6e* is AMAZING!,2024-11-29T08:12:10Z
g9ch8yHthP4,China Has Launched New Generation Transport SHOCKING The US,2024-12-30T22:00:24Z
ydoFkdNrwFM,"The Wuling Binguo Is An $8,000 Electric Car From China",2024-12-21T18:08:51Z
K8Nz-4eEBTw,EV Mandates vs. Freedom | Mark P. Mills,2024-12-24T14:30:08Z
vX3BRD6-qcc,Top 5 cheapest electric cars in India 2023 - EV BRO Reviews,2023-07-20T03:30:17Z
kj1wwtmISQc,Will Rain Kill Your EV Dead? | Electric Vehicle FAQ #8,2023-03-04T17:51:40Z
Bqwh4yUyJuE,"Electric car catches fire, burns passenger",2018-06-14T10:57:52Z
_P5qPHfMypo,⚡Electric Car Vs Petrol Car 🚗,2022-07-08T14:25:20Z
P7PHpEBTtAY,If Your Electric Vehicle is in an Accident | Electric Vehicle FAQ #6,2023-03-04T15:55:04Z
8HXjg9I7_g0,Innovations in In-Wheel Motor Technology for Electric Cars,2025-04-22T00:00:14Z
9eGc64e-QPM,Why America Is Struggling With EVs,2024-11-21T19:00:26Z
uy0Ga53jBxc,Majority Of All Hybrid Electric Vehicles Start Ups And Chimes.,2021-03-16T18:49:59Z
dZvnYuqSDhY,Billions of dollars for EV charging stations on hold,2025-02-27T02:00:22Z
lus6Z0QQaj0,The Truth About Electric Vehicles 🤔,2023-05-11T02:39:39Z
CUVmLlCS6Go,Top 8 best electric vehicles in the market today,2025-02-22T17:30:04Z
flTp-dvJStA,Electric Vehicle Home Charger Installation | Electric Vehicle FAQ #11,2023-03-04T18:05:26Z
VFagInOrXN0,MG Windsor EV With Battery Starts From Rs 13.5 Lakh,2024-09-21T18:06:50Z
3uQidSoab7E,Indian car brand Mahindra reveals 2 impressive EVs: the BE 6e &amp; the XEV 9e,2024-11-28T22:00:02Z
Szzc02PFCAE,The LARGEST Electric Vehicle In The World?!,2025-03-05T19:00:27Z
09NJAQbpSPc,Are electric vehicles really pollution-free? #electricvehicles #pollutionfreeindia,2022-02-13T15:09:29Z
X6c8TyRBLnc,PEV 3 wheel scooter #electricscooter #electricvehicles  #threewheelscooter #3wheelscooter,2024-04-21T02:02:49Z
wgY-txmE3jE,Elon Musk: This New Engine Will Shakes The Entire EV Industry!,2025-04-18T19:41:09Z
YAvJWSXqqlQ,Electric Cars vs. Potholes,2025-04-20T11:00:47Z
3QOa__xaCPs,I drove the cheap Chinese cars that are illegal in the USA. Now I know why,2025-03-10T19:12:20Z
DKg4pbRF3zA,Why Do Right-Wingers Hate Electric Vehicles?,2022-09-03T21:30:00Z
uaTT_AL_Qwc,Does the New Baby Merc Live Up to Its &quot;Affordable&quot; Price Tag?,2025-03-13T18:00:46Z
w0z48AQ-uZ4,"Tesla plans to make 500,000 more electric cars in 2025 - here&#39;s how they do it",2024-11-01T03:00:49Z
Q-mr8M7Au1A,Electric Vehicle Service Details | Electric Vehicle FAQ #7,2023-03-04T17:47:48Z
va3Lii_H8fs,Why Neil deGrasse Tyson drives a Tesla: The Future of Electric Cars - Joe Rogan #jre,2023-05-10T21:00:26Z
nwfTZrzAx2c,Channel 7 Lies Exposed: The Truth About My EV Fight with Australian Media,2025-04-08T00:05:43Z
Oi-QG114b9A,Are fuel or electric vehicles better value for money? | 9 News Australia,2024-12-19T22:07:50Z
fUuapy2Lo1g,Electric Vehicle Battery Replacements | Electric Vehicle FAQ #5,2023-03-04T15:50:29Z
TvjeY9RCR2U,Mercedes EVs are getting BIG Updates!,2025-04-22T19:06:52Z
eiBfSl9VbBs,Mahindra BE 6e &amp; XEV 9e Walkaround | Electric SUVs In-Depth Review | PowerDrift QuickEase,2024-11-27T09:49:53Z
vFLD7rjinpA,Why is Tesla not coming to India? | Real Reason,2022-08-06T16:28:18Z
FvkokEcY3SA,Electric car mein RANGE ki चिंता गायब,2023-04-26T14:00:08Z
oC0zjFWlTG8,How It&#39;s Made: Electric Cars,2022-08-09T14:00:24Z
_6EFK-1A0zo,Economical Electric Car Introduced in Pakistan | Best Electric Car |,2022-11-03T16:39:32Z
-jlr_PEBuY8,ELECTRIC VEHICLES VS PETROL CAR 🚗|#shorts #tamil,2022-11-24T12:30:00Z
jySR1teOSRA,Buil a Electric Go Kart at Home - Electric Car - Tutorial,2019-03-19T05:35:32Z
b2Pju8injwo,FINAL YEAR PROJECT-3   📍MP4_E01(2 SEATER 4 WHEEL ELECTRIC VEHICLE)📍,2022-08-10T13:49:24Z
ZdpAWm_9iA8,Global mining company says renewables &amp; electric vehicles saves them billions,2025-02-26T02:56:56Z
ER-6IH23poM,8 saal baad kya? What after 8 years of battery | Tata Punch EV #motorbyte #punchev,2024-03-09T04:48:20Z
e25UQJK3ZEA,Is the U.S. Really Ready for Electric Vehicles? Shocking Truth Revealed! (2025 Pros &amp; Cons),2025-01-22T23:30:16Z
FoziwFOxq2M,How Trump&#39;s executive order will impact electric vehicle market,2025-01-22T22:01:16Z
ygFe7MBnqVw,Do Electric Cars Catch Fire?,2023-05-17T06:44:46Z
Qbkg02j4cz8,Electric vehicle motor repair- Good tools and machinery make work easy,2022-06-09T16:30:04Z
U0YW7x9U5TQ,Electric cars prove we need to rethink brake lights,2023-05-25T14:49:13Z
azkq8ly06Yc,The Future of Racing? New Electric Car Speed Record!,2022-07-12T15:50:57Z
eiBfSl9VbBs,Mahindra BE 6e &amp; XEV 9e Walkaround | Electric SUVs In-Depth Review | PowerDrift QuickEase,2024-11-27T09:49:53Z
er233rSaas0,Electric Car maintenance will SHOCK you,2023-05-06T14:00:34Z
bxOI6ClOjes,BYD AUTO 3 || starting price 24.99 lakh #byd #electric #cars #auto #3d #electriccar #futuristic #car,2024-09-09T17:00:34Z
jySR1teOSRA,Buil a Electric Go Kart at Home - Electric Car - Tutorial,2019-03-19T05:35:32Z
xjaLmRaIYAM,Electric Car Song｜Tesla Model X For Children｜NEW Kids Music｜Gecko&#39;s Real Vehicles｜Save The Planet!,2020-06-26T11:00:30Z
snQ4gplonhw,Are Electric Cars ACTUALLY The Future?,2022-11-08T15:00:29Z
KmZODngXtmI,Maruti Suzuki e-Vitara with 500kms Range,2025-01-20T10:00:30Z
ZdpAWm_9iA8,Global mining company says renewables &amp; electric vehicles saves them billions,2025-02-26T02:56:56Z
_HJT7tQuYFs,India’s Cheapest Electric Car 🔋🚗,2023-05-10T14:37:49Z
GULhrajnqoU,Electric Car ke saare chargers,2022-05-16T06:36:36Z
cUN_VPEo_OQ,Tata Harrier Electric Rival - Kia EV5 SUV 🔥720KM Range - ADAS - 5 Star Safety @KiaInd #ev #suv,2024-11-10T13:08:00Z
e25UQJK3ZEA,Is the U.S. Really Ready for Electric Vehicles? Shocking Truth Revealed! (2025 Pros &amp; Cons),2025-01-22T23:30:16Z
N12v9aj3WKI,Are Elon Musk And Tesla Giving Up on EVs?,2025-04-16T16:00:39Z
tuUtOGChdi0,India&#39;s Cheapest EV 😍All New MG Comet #automobile #mycarmydream #review #gogreen #car #mgcometev,2023-09-19T07:27:47Z
v0CkeFIYBTw,Diesel Car VS Electric Car⚡,2023-11-30T08:55:00Z
0QWC_N6Hi5s,Is India Winning or Losing the Electric War?: Business Case Study,2023-11-30T14:30:11Z
dT9-W6TlOKs,Electric Vehicles - the better choice for you? A FASTER Project Animation,2022-03-08T10:48:23Z
LhB7RagAONg,Geely profits and sales skyrocket with new EVs &amp; worlds best battery tech,2024-11-17T03:00:22Z
4eI-oHSSy6g,Chinese Luxury Electric SUV | Hongqi E-HS9,2022-10-18T14:03:31Z
IaxeTWsnsRw,Sabse Sasti or Affordable Electric Car Ever 😱😱 #shorts #ytshorts #affordable #ev #kwidev,2023-02-05T05:50:48Z
t8dWc-Ja5BA,Chocolate Electric Car!,2023-03-13T16:00:35Z
oW_SXIVQT5I,What&#39;s behind Europe&#39;s car industry crisis? | Ed Conway analysis,2024-12-06T06:00:35Z
ke6Rq3TgMiQ,"Dirty nickel driving electric vehicles on Aussie roads, new reaction to shock revelations | 7NEWS",2025-04-07T08:53:41Z
zxJB9xrRYek,Electric vehicles 6.0 @Franklinthetkpscreator2025 please do 7.0,2024-06-08T08:04:12Z
q0qscIHRHbU,"Global Race For Electric Vehicles? | April 15, 2025",2025-04-14T23:00:59Z
bcUHJNd4ZOE,Tesla भी इसके सामने फीकी है😱 Mahindra BE 6e Electric Car #automobile #shorts,2024-11-30T05:27:29Z
pm6y8mU0s60,How to charge an electric car with DC fast charger?,2023-05-12T12:39:22Z
MAZT2G-NBYo,"New energy electric car, cute Star #automobile #babybus #pink",2025-04-22T06:27:15Z
5gFXbW-OhiI,CHINA Electric Vehicle Disaster,2024-11-13T17:00:06Z
LFR_jTF7DEQ,Pure Ev Etrance - Modern Gen LUNA 😁👍,2021-08-27T12:34:29Z
GrDXIj0Mj00,DRAG RACE: Citroen Ami vs Renault Twizy &amp; more – mini electric car battle | What Car?,2021-07-24T07:30:04Z
w4twL0pqCSU,Electric vehicles are a DANGER to shipping | MGUY Australia,2025-04-18T07:01:00Z
v071sCp-xrs,The History of Electric Vehicles 1841,2020-08-02T17:33:33Z
ok1Fj_YGHA0,Why CATL&#39;s Five-Minute EV Charging Could Be a Gamechanger,2025-04-22T04:05:24Z
18ZOCrd1K_w,"EV Charging Station at just 50,000/- | Charging Station Business | Electric Vehicles India",2024-04-29T07:20:21Z
mfOoY_2gGj4,MG Comet 3 Pros and Cons | Gagan Choudhary,2023-04-27T08:55:12Z
0B3YFkAdmfE,New tax for electric vehicles could be on the cards | 9 News Australia,2025-02-06T20:51:10Z
Myb3pAlzgxg,HONDA Activa Electric Scooter Decoded | Activa Electric Complete Details | Electric Vehicles India,2024-11-19T12:20:23Z
qgP7KkDesBo,What Firefighting Tools for Extinguishing Electric Vehicle Fires Really Work?,2023-06-09T02:02:06Z
6beCVz43ZJE,Inside an Electric Car Repair Shop,2023-03-23T23:00:03Z
vzv5-n3C_wQ,How sustainable are electric vehicles? | The Stream,2023-03-23T20:01:08Z
TCb32qLUous,The truth about electric car fires,2023-04-28T14:30:11Z
n-wY7xf9MWA,Ask your EV Guru: #4 - Electric Vehicle Charging @ Apartments,2018-10-28T13:44:44Z
UOBRUWUSvCg,Electric Cars Were Huge in the 1900s… So What Went Wrong?,2025-01-02T21:00:26Z
7vqYPXAH4SQ,Who will dominate the electric vehicle industry?,2025-04-18T10:35:48Z
JHzvcQ1lzmg,How to Install an Electric Vehicle Charger Receptacle,2022-05-16T12:00:09Z
LZE2m_BRJ64,#carnews #automobile #ev #car #cartok #foryou,2025-04-22T13:31:33Z
gPfhlpI7vds,Electric Car with Dynamo Motor | Self Charging EV car,2024-11-30T12:47:07Z
SvapQgNrKSw,How Electric Cars Work ?|⚡ Electric Cars काम कैसे करते हे ? ⚡ | Tech Baba,2021-11-07T04:30:08Z
JHzvcQ1lzmg,How to Install an Electric Vehicle Charger Receptacle,2022-05-16T12:00:09Z
WnUlPrOpKkY,Global EV Sales Soar 29% in 2025 – EVs Steal Marketshare from ICE,2025-04-20T23:00:36Z
eqmGMb9CkzU,EV Depreciation is costing finance firms MILLIONS! Guess who’s going to pay for it…? 😂,2025-04-15T10:42:50Z
gPfhlpI7vds,Electric Car with Dynamo Motor | Self Charging EV car,2024-11-30T12:47:07Z
31ziGAiRCaQ,Chetan Maini -The maker of India&#39;s first electric car,2025-04-22T10:15:06Z
BKf5zFIMNnU,Mahindra Zeo electric small commercial vehicle launched at Rs 7.52 lakh,2024-10-10T05:30:03Z
SvapQgNrKSw,How Electric Cars Work ?|⚡ Electric Cars काम कैसे करते हे ? ⚡ | Tech Baba,2021-11-07T04:30:08Z
SMFrh4DPUiM,tejas electric bike #viral #police,2023-04-07T06:10:34Z
qvxxIkAaf34,MG Windsor EV: revolutionizing india’s electric car market,2025-04-17T14:30:37Z
156A-ctWgI0,50000/- Rupees only Electric bike #teluguteatalks #hyderabad #telug,2023-11-10T06:11:12Z
mYVfX716CZI,Electric vehicles in Gujarat | ગુજરાતમાં ઇલેક્ટ્રિક વ્હીકલ ખરીદવા પર મોટી છૂટ | TAX Rebate | News18,2025-04-18T14:30:27Z
pATLNDRuLKA,When should consumers buy electric cars?,2024-12-06T01:02:16Z
WWD35HH9Q80,Tesla को भी Fail कर देगी ये EV कार | Mahindra BE 6E,2024-11-28T13:30:18Z
SLGI7W5THhI,Electric vehicle - Main (Major) Components I Main Components of Electric Vehicle I,2021-06-30T14:46:31Z
-8oAxjfYJ8o,Electric car 🤮 🤢,2025-04-21T12:11:25Z
D0vg-1toFRo,Tata EV का Future: AVINYA😱Under 40 lakhs | EV Car of 2025😳 #tataev #evcar,2025-04-20T06:51:05Z
g5GxHd64CrY,BE 6 Electric Car #be6e #be6 #car #electriccar #electricvehicle #electriccars,2025-04-20T06:00:26Z
C9hoSzz0-_w,Electric vehicle battery fires,2021-05-17T08:58:01Z
1yK7_LCbvec,I thought Electric Cars Were the Future. I Changed My Mind,2024-04-26T17:30:00Z
jp1_im6t4js,Several electric cars go up in FLAMES while being transported by truck #shorts,2022-12-08T21:00:15Z
GsW7VkA-AOc,Gecko And The Electric Car - Gecko&#39;s Real Vehicle&#39;s | Educational Videos for Kids,2021-04-23T14:45:00Z
ODG59UjBiGg,Why Automakers&#39; EV Factory Investments Aren&#39;t Paying Off In The U.S.,2024-09-25T16:00:22Z
KE6yJi_PAT0,New Mahindra EV At 18.90 Lakh #shorts #short #shortsfeed #shortsviral,2024-11-26T19:05:57Z
kSGe97SrsbI,Best Car Accessories for Electric Vehicles #car #automobile #trunkorganizer #carstuff #goodthing,2025-04-22T03:41:01Z
HIDVWEz-OJA,Essay on Electric Vehicles,2023-05-05T06:30:03Z
o-p4KfKE4lA,Crazy Chinese Electric Vehicle Market #shorts,2025-04-13T15:54:41Z
eqcDmFrPlIY,EV కొనడం మిడిల్ క్లాస్‌కి లాభమా? నష్టమా? | EV is a SCAM in INDIA?,2025-04-13T14:30:33Z
WVoOfafJNEw,"Exclusive: Minister talks electric cars, charging networks and... pot holes",2025-03-17T19:00:30Z
FvPVCSkOFxE,TUCUXI MOBIL LISTRIK INDONESIA YANG BERAKHIR TRAGIS,2025-04-17T08:00:16Z
APJvJ2nA7yc,New XPENG G6 FULL test drive and FSD test - best electric car ever?,2025-04-19T19:00:07Z
8SwYAbNWnlw,Windsor Ev Essence Top model a 360 view #windsor #ev #electric #car,2025-04-20T12:00:47Z
jkv2sGdUvM0,"Sarkin Mota Challenges Friends to Start This Electric Car ⚡—₦5M Reward, All Failed!#SarkinMota #cars",2025-04-19T10:07:25Z
9bRu6RCulsI,Electric Vehicle Owners Take Note! New Charging Tariff Set at Rs. 23.57 Unit | Dunya News,2025-04-16T08:20:01Z
0m1kG8JbP6s,Mahindra ZEO EV Next Gen Indian Electric Car #automobile #shorts #ev,2025-04-22T11:28:43Z
Unb_6f7d4Qc,🔥 E-Auto am Abschleppkran 🚒 #eauto #münchen #bmw,2025-04-21T12:09:52Z
1yL23UhN7mE,My Longest Road Trip By Mahindra BE6 EV 😳,2025-04-22T05:30:04Z
8IN3tsw-1BE,CHINA Electric Vehicles Crashing,2024-12-28T18:00:08Z
AUHzj372re4,Robin mini electric car | Bike jitni badi,2024-08-22T15:01:28Z
fdjxi8X8otk,65000 కే ఫ్యామిలీ ఎలెక్ట్రిక్ స్కూటర్  - Venu Motors Liberty+ - EV Kurradu,2025-04-22T12:46:52Z
47U1g4ChVkM,"Types of hybrid electric vehicle | Series, Parallel, Series-Parallel HEV",2021-10-13T06:00:00Z
5ipVyvVGjzo,Electric Vehicles 2.0 (Who Wants To Make 3.0?),2024-02-28T06:23:25Z
9IeifyuTZbY,Should you buy an EV in 2024?,2024-10-05T06:45:00Z
ozQ09icPQME,Mahindra Be6 vlog #shorts #dailyvlog #kerala #kochi #electric #ev #be6e #be6 #mahindra,2025-04-20T11:30:42Z
MXLkJGlcTUw,Electric Car కొనేముందు జాగ్రత్త | My Personal Experience | Venu Kalyan,2025-04-17T11:49:12Z
ifhHFjRpXCM,Electric Car Vs Offroad. #electric #car #electriccar #shorts #shortsfeed #shortsviral #shortvideo,2025-04-21T04:14:48Z
TfAyo2YaGzU,Mahindra Electric Cars Under 20 Lakhs EV Cars! Range &amp; Power Explained!,2025-04-20T13:01:00Z
9noALAPe3Uo,Eka 6s Electric Three Wheeler 2025 | 7 Seater Electric Auto 🔥,2025-02-02T07:30:04Z
ughuxHUea54,How a second Trump administration could affect electric vehicle sales,2024-11-18T01:48:18Z
iAOT-tar0QQ,Major U.S. Companies Switching To Electric Vehicles,2022-12-07T02:30:19Z
w71K8LEJEZk,2024-2025 Electric Vehicle and Hybrid Vehicle Training,2019-04-11T01:27:10Z
